lab_id,number_of_students,pcs_used,session_duration_minutes,session_date
2,26,26,110,2026-09-13
2,54,52,185,2026-08-04
1,23,22,105,2026-07-29
1,50,49,140,2026-05-30
2,46,46,183,2026-07-02
5,48,47,166,2026-07-14
4,48,48,196,2026-09-02
4,31,30,114,2026-05-04
4,30,29,89,2026-05-30
2,30,30,95,2026-09-18
2,40,38,163,2026-05-22
3,43,42,173,2026-03-31
2,33,32,127,2026-09-13
1,27,25,103,2026-08-30
2,23,23,104,2026-05-24
4,10,10,51,2026-06-23
4,11,10,48,2026-05-16
1,7,6,30,2026-07-20
1,26,25,96,2026-08-28
1,45,44,159,2026-06-16
3,31,31,107,2026-07-17
5,26,25,107,2026-04-26
1,55,55,178,2026-07-03
4,13,12,45,2026-06-25
3,42,40,164,2026-05-28
4,24,23,96,2026-08-22
1,28,26,94,2026-06-02
4,28,27,91,2026-08-06
3,65,64,185,2026-07-27
2,28,26,94,2026-05-10
5,25,25,95,2026-04-19
2,50,50,209,2026-07-13
5,29,27,120,2026-06-08
5,34,32,87,2026-05-08
1,9,8,39,2026-08-24
1,13,11,45,2026-09-07
4,10,10,50,2026-08-23
1,12,11,60,2026-07-08
5,50,49,167,2026-08-02
1,56,56,169,2026-04-18
3,8,7,46,2026-05-10
4,12,10,34,2026-04-29
4,21,19,87,2026-09-04
2,12,11,43,2026-04-07
4,37,37,75,2026-06-03
5,10,10,47,2026-05-29
2,30,30,77,2026-08-26
3,8,7,44,2026-08-08
4,27,25,93,2026-08-29
1,13,13,41,2026-09-06
2,27,26,111,2026-08-02
5,8,6,31,2026-04-29
5,27,27,128,2026-04-16
4,12,12,37,2026-09-17
1,26,26,116,2026-05-26
5,8,6,45,2026-09-14
5,11,10,37,2026-07-01
2,16,16,48,2026-07-07
2,43,43,204,2026-04-24
5,47,45,177,2026-09-22
4,31,31,100,2026-05-06
3,12,12,39,2026-06-04
4,56,56,149,2026-05-14
3,30,28,100,2026-04-19
2,43,43,158,2026-07-28
1,31,31,91,2026-04-03
4,29,27,111,2026-06-20
1,11,9,40,2026-05-26
3,24,24,74,2026-04-21
5,28,27,106,2026-05-08
4,10,9,30,2026-05-14
2,27,25,110,2026-09-01
5,6,5,41,2026-04-21
5,9,9,56,2026-04-27
2,38,36,72,2026-04-13
3,63,63,212,2026-08-12
1,40,40,140,2026-04-18
5,12,10,55,2026-09-09
2,30,29,93,2026-05-25
1,28,27,113,2026-04-24
1,29,29,95,2026-08-20
3,30,30,124,2026-07-03
1,24,23,70,2026-07-04
5,16,15,37,2026-08-24
3,18,18,54,2026-08-30
4,17,15,35,2026-05-18
3,10,9,56,2026-09-12
5,32,32,111,2026-09-08
4,12,12,42,2026-08-28
2,25,25,117,2026-03-30
1,7,5,42,2026-09-13
1,29,28,92,2026-07-13
4,29,29,96,2026-06-09
1,9,7,35,2026-08-01
5,12,10,30,2026-07-28
2,27,27,85,2026-05-21
1,13,13,48,2026-08-07
1,13,12,41,2026-06-07
2,48,46,198,2026-08-20
3,23,21,70,2026-06-25
5,6,5,51,2026-09-23
3,52,50,186,2026-06-21
1,20,18,109,2026-05-12
4,13,12,55,2026-07-22
4,27,27,91,2026-08-02
1,23,21,110,2026-08-06
3,20,20,109,2026-07-03
3,52,51,165,2026-08-04
1,13,13,40,2026-05-30
5,33,31,93,2026-08-31
5,32,32,101,2026-04-30
5,29,29,87,2026-04-13
4,32,32,81,2026-09-22
4,12,10,42,2026-07-09
2,25,25,85,2026-05-01
2,14,12,57,2026-05-07
3,28,28,117,2026-05-13
1,25,23,105,2026-09-22
4,31,30,86,2026-04-14
3,28,27,99,2026-05-30
3,22,21,60,2026-09-23
4,56,54,184,2026-07-15
1,26,24,62,2026-07-19
5,14,14,58,2026-06-12
5,21,19,71,2026-06-06
3,30,30,119,2026-06-19
1,29,28,121,2026-06-13
5,26,25,88,2026-07-20
2,13,12,49,2026-09-10
5,35,33,87,2026-08-22
1,8,7,57,2026-08-29
5,9,8,49,2026-05-21
1,29,29,120,2026-09-21
5,53,52,176,2026-07-08
2,11,9,54,2026-06-03
5,57,56,178,2026-07-12
4,20,18,73,2026-08-20
5,28,26,115,2026-05-21
3,29,29,86,2026-08-10
2,28,27,83,2026-04-22
5,28,26,97,2026-04-03
2,30,30,80,2026-06-15
4,43,42,206,2026-09-06
1,32,31,82,2026-04-07
1,29,27,78,2026-09-16
3,42,41,172,2026-08-26
3,29,28,63,2026-06-29
1,12,12,36,2026-05-06
3,9,7,31,2026-05-24
5,20,19,99,2026-05-24
4,12,12,37,2026-08-22
2,25,25,124,2026-08-11
5,31,31,127,2026-09-08
4,9,8,38,2026-06-05
4,15,13,51,2026-05-25
5,28,26,84,2026-07-29
2,57,56,203,2026-08-27
3,12,12,44,2026-07-06
2,6,5,46,2026-06-26
4,27,25,109,2026-07-13
2,32,30,93,2026-04-07
1,30,30,74,2026-03-30
2,49,48,155,2026-06-04
3,7,7,41,2026-09-23
5,12,12,48,2026-07-02
4,28,27,98,2026-04-15
3,27,25,90,2026-07-21
4,46,45,181,2026-04-20
4,27,27,81,2026-06-18
4,32,32,92,2026-07-19
3,46,46,140,2026-09-13
5,24,23,70,2026-07-16
5,15,14,57,2026-06-12
2,56,54,204,2026-05-22
5,13,12,51,2026-09-24
1,60,58,184,2026-06-23
5,34,33,81,2026-05-17
5,10,8,53,2026-07-05
4,40,40,161,2026-05-02
1,22,21,93,2026-06-01
3,31,29,83,2026-04-25
5,31,31,130,2026-04-04
5,32,31,118,2026-05-20
4,11,11,44,2026-06-20
3,27,27,95,2026-07-26
2,54,54,179,2026-06-30
4,49,48,180,2026-08-28
5,54,52,180,2026-04-29
5,23,22,107,2026-04-25
5,32,30,112,2026-05-15
4,30,28,102,2026-05-24
4,44,43,174,2026-06-20
2,11,11,54,2026-07-09
5,42,41,183,2026-08-28
2,26,26,110,2026-08-24
1,30,29,122,2026-09-24
4,23,22,130,2026-08-22
1,25,25,71,2026-06-18
1,25,24,94,2026-05-02
1,13,12,56,2026-07-18
4,9,9,37,2026-05-14
1,31,29,105,2026-04-24
2,31,30,104,2026-07-20
1,10,9,43,2026-07-15
1,28,26,89,2026-06-10
4,50,50,158,2026-08-16
3,8,7,32,2026-07-22
5,10,9,32,2026-06-30
2,29,27,86,2026-06-11
3,13,11,50,2026-05-26
1,30,30,91,2026-07-30
1,30,30,106,2026-08-26
1,27,26,92,2026-05-23
4,13,13,55,2026-05-19
4,13,11,47,2026-07-29
5,14,12,46,2026-05-25
3,20,20,89,2026-04-02
3,12,12,47,2026-09-13
4,30,28,109,2026-03-30
3,14,14,43,2026-05-17
3,52,51,184,2026-04-30
1,29,27,100,2026-07-14
2,11,9,56,2026-08-31
5,33,32,74,2026-07-06
1,9,7,60,2026-04-11
5,13,13,35,2026-07-09
2,11,10,47,2026-06-17
1,25,25,101,2026-09-01
3,34,32,96,2026-08-12
4,28,28,88,2026-09-12
3,52,50,162,2026-09-04
3,9,9,50,2026-09-11
3,25,24,87,2026-07-30
4,11,11,42,2026-04-03
1,11,9,46,2026-08-03
2,16,16,47,2026-09-08
5,28,28,118,2026-08-31
2,40,40,227,2026-08-12
1,31,29,86,2026-09-12
3,21,21,71,2026-08-09
3,27,26,130,2026-08-23
4,6,6,48,2026-06-27
5,12,12,49,2026-05-01
2,29,29,82,2026-08-29
1,31,31,89,2026-06-02
3,44,43,186,2026-08-09
4,10,10,60,2026-04-21
2,55,53,155,2026-08-16
5,11,11,49,2026-07-22
5,8,7,58,2026-06-04
4,14,14,38,2026-07-11
1,49,47,214,2026-07-10
2,31,31,72,2026-08-13
2,34,33,119,2026-07-19
5,11,11,52,2026-07-07
5,25,23,106,2026-06-09
5,46,46,195,2026-09-01
1,9,7,40,2026-08-24
1,12,11,39,2026-04-20
1,25,24,114,2026-08-09
2,20,19,75,2026-04-24
4,24,22,86,2026-06-04
1,37,35,101,2026-05-10
3,11,9,30,2026-05-05
5,38,38,81,2026-05-16
3,13,13,41,2026-09-06
5,34,33,112,2026-08-15
4,8,6,30,2026-04-19
5,56,56,172,2026-05-05
4,31,30,102,2026-07-13
4,29,28,90,2026-05-07
3,24,24,119,2026-05-15
5,25,24,111,2026-09-20
4,40,39,160,2026-06-08
5,16,15,45,2026-06-29
2,11,11,44,2026-05-08
3,10,10,46,2026-06-17
2,25,24,119,2026-05-20
5,29,27,103,2026-05-01
1,13,13,59,2026-08-04
2,50,49,146,2026-06-23
2,53,53,179,2026-06-05
2,13,11,59,2026-07-22
1,29,28,64,2026-05-05
4,22,21,65,2026-07-04
2,25,23,102,2026-05-28
3,26,24,101,2026-08-07
2,35,34,83,2026-04-30
2,29,27,92,2026-08-09
4,32,31,73,2026-07-13
2,27,26,95,2026-09-11
1,14,13,48,2026-04-28
3,12,11,51,2026-05-28
1,62,62,184,2026-04-16
3,12,10,42,2026-07-17
4,25,24,75,2026-09-23
4,33,31,80,2026-05-14
3,49,49,186,2026-09-09
4,14,13,43,2026-09-13
1,8,7,33,2026-05-08
3,18,16,30,2026-06-20
5,47,46,162,2026-07-16
1,7,5,35,2026-06-01
2,55,53,156,2026-04-15
4,33,33,69,2026-04-12
2,9,9,43,2026-06-01
3,27,25,108,2026-06-05
2,34,33,130,2026-07-11
3,26,25,74,2026-06-30
3,29,29,101,2026-06-20
4,25,23,98,2026-06-25
4,28,27,105,2026-06-19
1,52,52,178,2026-07-15
2,45,44,186,2026-09-11
1,40,38,184,2026-04-25
3,13,11,38,2026-04-19
3,29,29,97,2026-05-29
1,9,7,32,2026-07-15
4,25,25,119,2026-09-07
2,8,8,57,2026-04-13
3,54,53,164,2026-05-25
4,20,20,71,2026-08-23
5,40,40,179,2026-05-24
1,47,47,188,2026-08-04
4,10,9,40,2026-03-29
5,25,24,93,2026-07-17
3,31,31,118,2026-09-02
1,10,10,34,2026-08-01
4,35,34,100,2026-08-01
5,32,31,109,2026-06-28
4,30,30,84,2026-06-16
3,10,9,60,2026-08-13
4,23,23,122,2026-06-15
4,51,49,186,2026-08-22
1,26,24,85,2026-07-29
1,13,13,45,2026-05-03
5,50,50,200,2026-09-10
5,47,46,175,2026-09-08
2,8,6,39,2026-08-18
5,24,22,108,2026-06-18
3,10,8,51,2026-04-14
4,51,50,199,2026-07-24
2,10,9,46,2026-07-19
2,42,40,172,2026-04-26
4,20,18,98,2026-09-20
4,20,18,104,2026-08-10
2,31,30,117,2026-04-09
3,42,40,188,2026-04-03
5,20,20,111,2026-05-15
5,17,15,46,2026-06-21
5,14,12,34,2026-06-09
5,7,5,40,2026-05-24
1,28,26,97,2026-07-12
3,12,12,48,2026-07-29
3,60,59,162,2026-05-03
2,12,12,49,2026-07-04
4,18,18,41,2026-06-12
3,33,32,113,2026-04-21
1,32,30,108,2026-06-14
5,54,54,232,2026-09-19
5,27,26,85,2026-05-26
4,23,23,97,2026-09-12
4,31,30,102,2026-09-15
4,32,32,101,2026-08-31
3,18,18,38,2026-09-01
3,9,8,41,2026-08-10
2,30,30,70,2026-07-25
4,57,55,154,2026-05-13
3,58,58,162,2026-08-01
5,16,14,46,2026-05-13
1,9,8,47,2026-04-21
4,9,9,38,2026-07-02
2,25,23,90,2026-05-29
3,14,13,34,2026-07-23
1,57,55,175,2026-05-06
1,30,30,89,2026-04-16
3,31,31,94,2026-07-18
3,33,31,82,2026-06-25
2,9,8,43,2026-08-21
2,33,32,98,2026-05-04
2,30,28,87,2026-09-10
3,10,9,39,2026-09-21
4,38,38,120,2026-08-03
2,26,24,115,2026-08-13
5,30,30,102,2026-07-26
3,50,50,211,2026-09-06
3,12,11,47,2026-06-04
1,12,12,30,2026-05-24
3,11,9,46,2026-05-23
5,26,26,124,2026-06-21
2,54,52,164,2026-09-14
1,48,48,195,2026-08-15
1,28,26,62,2026-05-30
4,28,27,75,2026-08-04
4,12,10,33,2026-05-25
2,35,34,103,2026-06-18
3,11,11,37,2026-08-24
1,17,15,38,2026-08-26
4,33,32,76,2026-06-10
5,61,59,184,2026-08-08
5,14,14,39,2026-07-15
4,12,11,60,2026-09-08
3,29,29,97,2026-07-19
4,12,11,54,2026-07-17
1,27,27,88,2026-07-27
3,27,26,107,2026-07-26
3,51,51,191,2026-08-08
1,52,52,177,2026-06-19
3,28,27,111,2026-09-21
1,30,30,113,2026-06-09
2,28,26,101,2026-08-12
3,15,15,50,2026-07-18
4,33,32,101,2026-09-08
3,51,50,190,2026-06-28
5,45,45,196,2026-06-10
2,37,37,100,2026-04-11
5,25,24,97,2026-07-17
5,17,17,54,2026-04-07
4,49,49,196,2026-07-24
5,42,42,190,2026-04-08
2,26,26,102,2026-06-08
3,14,14,51,2026-04-12
2,12,11,40,2026-06-06
4,64,62,184,2026-08-13
3,12,12,34,2026-08-07
1,24,22,76,2026-05-25
4,24,22,106,2026-05-25
4,33,31,83,2026-06-19
2,48,48,156,2026-07-21
1,20,19,110,2026-05-06
3,14,14,48,2026-03-29
4,13,11,32,2026-07-18
5,20,19,76,2026-06-19
5,12,12,53,2026-08-14
5,21,20,95,2026-09-23
5,23,23,119,2026-06-27
3,16,15,50,2026-08-11
3,52,52,195,2026-09-12
4,11,11,60,2026-06-22
2,11,10,51,2026-06-18
1,11,11,48,2026-09-04
3,11,9,42,2026-06-07
4,25,24,94,2026-08-25
1,28,27,112,2026-08-25
3,14,13,32,2026-07-15
3,26,24,77,2026-08-09
5,48,46,177,2026-07-18
5,12,11,42,2026-05-21
3,8,7,55,2026-04-15
3,12,12,32,2026-08-16
5,24,22,87,2026-07-29
4,31,29,93,2026-05-29
3,11,10,48,2026-07-28
3,11,10,41,2026-08-14
4,27,27,79,2026-06-01
2,13,11,48,2026-07-15
1,28,26,90,2026-07-29
5,26,26,77,2026-06-21
5,10,9,41,2026-07-12
5,13,11,38,2026-07-29
3,11,11,39,2026-04-24
3,21,21,115,2026-05-29
1,10,10,46,2026-04-01
2,25,25,117,2026-09-02
3,28,27,97,2026-04-24
2,53,52,205,2026-06-24
1,52,51,184,2026-09-14
3,45,43,144,2026-05-19
5,57,57,163,2026-05-12
1,30,29,106,2026-09-05
4,29,27,104,2026-04-05
1,24,23,102,2026-06-09
4,47,45,178,2026-06-21
4,26,26,60,2026-03-30
1,29,28,92,2026-08-29
1,31,29,70,2026-09-08
5,24,24,105,2026-07-27
5,30,28,102,2026-04-07
3,48,46,173,2026-09-02
2,26,26,113,2026-05-28
5,21,19,94,2026-06-16
5,14,12,57,2026-06-03
2,7,5,60,2026-07-24
2,13,13,51,2026-08-22
4,13,12,45,2026-05-07
3,16,15,36,2026-06-27
3,50,49,200,2026-07-28
2,14,14,59,2026-09-11
5,60,58,179,2026-05-28
3,15,15,49,2026-09-06
4,30,30,81,2026-05-21
5,24,23,121,2026-04-29
4,43,41,183,2026-09-01
1,53,51,180,2026-08-04
3,41,40,169,2026-04-02
2,46,44,204,2026-07-04
3,12,10,51,2026-06-19
1,47,46,197,2026-08-01
3,7,6,40,2026-04-06
2,26,24,87,2026-07-04
4,8,7,60,2026-05-15
5,15,15,49,2026-06-14
4,26,24,71,2026-05-20
3,13,13,45,2026-08-02
2,30,30,130,2026-07-20
4,40,39,192,2026-09-04
5,9,7,48,2026-09-23
3,10,10,46,2026-07-18
4,16,14,40,2026-08-23
1,20,19,96,2026-08-14
1,27,27,89,2026-05-10
2,16,14,46,2026-06-06
5,13,11,43,2026-08-03
1,30,28,101,2026-07-08
2,31,30,88,2026-08-08
2,28,27,118,2026-07-01
2,7,7,31,2026-04-30
3,56,54,196,2026-07-19
1,41,41,194,2026-08-02
1,26,26,77,2026-05-14
4,52,52,199,2026-09-21
4,15,14,51,2026-04-12
5,20,18,96,2026-04-10
3,20,18,100,2026-09-01
4,28,26,88,2026-05-30
2,27,25,91,2026-05-06
4,57,55,162,2026-05-14
1,25,25,65,2026-04-04
5,9,8,34,2026-03-31
3,32,30,89,2026-09-10
2,24,24,104,2026-06-05
3,54,54,184,2026-07-22
4,27,27,93,2026-07-06
1,24,23,98,2026-07-24
5,16,16,41,2026-06-04
2,13,11,47,2026-04-23
3,37,35,84,2026-05-26
5,26,24,91,2026-09-21
4,22,21,89,2026-06-11
2,31,29,124,2026-08-09
4,6,5,46,2026-07-21
5,11,9,43,2026-05-26
2,52,52,201,2026-08-18
5,47,45,177,2026-05-23
4,22,22,86,2026-06-28
4,9,9,52,2026-04-13
2,5,5,47,2026-07-28
3,7,5,49,2026-04-22
2,11,9,39,2026-08-04
5,27,27,88,2026-08-22
1,10,8,37,2026-07-05
1,24,22,114,2026-06-05
5,12,10,30,2026-07-19
5,34,33,93,2026-04-14
2,9,9,51,2026-06-24
1,8,6,49,2026-08-16
4,23,22,92,2026-06-07
1,26,24,114,2026-04-01
5,54,54,160,2026-08-25
3,14,13,44,2026-04-14
1,45,45,194,2026-06-24
2,43,42,144,2026-04-30
5,12,12,47,2026-05-14
3,8,8,60,2026-06-17
3,35,33,99,2026-08-25
3,33,32,118,2026-06-18
4,9,8,30,2026-07-22
3,11,11,42,2026-09-13
2,27,27,100,2026-04-19
4,55,55,190,2026-06-12
5,14,14,44,2026-04-12
2,12,11,45,2026-03-31
1,23,23,102,2026-09-22
2,35,33,85,2026-06-19
3,26,26,108,2026-04-17
3,14,13,38,2026-04-20
4,53,51,202,2026-09-19
3,8,8,46,2026-06-17
4,14,14,45,2026-07-10
2,54,53,154,2026-06-29
1,55,54,199,2026-05-02
5,15,13,35,2026-08-29
5,24,24,84,2026-07-02
2,54,52,177,2026-05-22
4,48,46,172,2026-05-06
5,35,34,107,2026-05-31
5,41,39,165,2026-05-13
5,40,40,188,2026-08-31
4,15,14,60,2026-06-23
4,26,26,87,2026-08-16
1,7,6,42,2026-06-29
5,9,9,38,2026-08-08
1,11,11,60,2026-09-19
2,6,5,54,2026-08-20
2,13,13,44,2026-09-07
2,30,28,100,2026-09-14
1,33,33,130,2026-06-15
4,12,12,42,2026-07-07
3,27,27,89,2026-08-23
4,48,48,164,2026-08-25
