cpu_usage,ram_usage,disk_usage,error_count,health_status
14.145585281584367,46.90168082131852,14.967920075507589,2,Healthy
31.026544868035643,58.40967139573608,21.13153094218727,0,Healthy
37.033246201398555,47.4036589714766,58.706187285408255,1,Healthy
28.741275042632367,16.37901513977819,27.02655434792347,1,Healthy
55.336755019456426,32.11761148655522,24.387241549444195,1,Healthy
68.63354880612219,68.39026135674607,89.57050936778282,4,Warning
91.99174438987734,91.68079788966809,90.14567154751279,25,Critical
80.09536362983617,70.83680581889087,89.943647078059,4,Warning
86.23608957792922,93.99951787391599,94.85646865334277,26,Critical
96.17822114036252,88.48337036352015,94.05325360646954,28,Critical
60.00029086888415,70.4141457120573,80.45020362171176,6,Warning
12.444474525272703,47.56875430145229,49.41730937602837,0,Healthy
30.415350992111335,10.061591758321294,45.89963590734562,1,Healthy
14.089681648465136,10.781820337059697,35.40408884238218,0,Healthy
10.733583132849523,52.021981599021146,64.64117189534278,0,Healthy
75.56034103914992,79.53304639368262,81.56596798840721,6,Warning
89.28850800656804,95.08584719198056,91.69872594404477,37,Critical
83.51048018251868,60.39557929992052,80.4552028312374,10,Warning
81.62983368494528,82.88142962294557,87.19647670782552,3,Warning
70.91535474421916,74.50222086673637,80.33396770452535,4,Warning
86.90236033825629,90.87613675843417,91.62660815105485,26,Critical
91.50655849027027,88.74254619524113,95.47471489862319,18,Critical
6.261304619742312,26.105400211459276,48.18943906294924,2,Healthy
8.758751454274321,23.165789187660003,12.76741386014403,0,Healthy
83.32818086020771,70.97738913127071,89.60871140540743,2,Warning
95.76197485917868,92.13213572849101,98.49098019958676,32,Critical
67.28652283734485,65.18852340514259,74.76293307331393,8,Warning
86.97947979435942,92.69774625635168,91.94447644431689,21,Critical
67.8619544933352,41.81663090929477,25.027709116335046,1,Healthy
33.65268874996232,41.17928440013799,15.347465926960997,2,Healthy
66.3484442980924,79.4997081727636,71.97474413765332,6,Warning
51.439639550678876,14.90412903921223,39.29446822130669,1,Healthy
53.34893141254724,10.257258537735739,59.19681504448601,0,Healthy
48.743801087750356,47.25322740601102,13.292956878788495,2,Healthy
99.05391795596708,99.76047271418696,97.96484389329581,23,Critical
11.777245979469132,52.97078966402946,57.9868657254413,2,Healthy
93.63390142960122,87.42186751096361,94.71739837518439,32,Critical
61.56143984047679,82.08661907465151,78.96638110738844,8,Warning
78.317476264757,70.11318463934674,71.36706400619917,2,Warning
77.25241395594608,83.26517012116342,79.94624892337944,10,Warning
32.84463327223615,41.70520156881656,14.255932968026405,0,Healthy
90.08957900964351,92.58897481479337,91.61923006632213,39,Critical
75.71066141536468,77.21579073269689,75.0654476704543,10,Warning
34.840019186748265,49.584999422667586,42.93031940320353,1,Healthy
31.377015596483762,39.209974235708465,54.20934852369477,2,Healthy
30.40708151690257,59.5794204435137,68.24499746024021,2,Healthy
63.080814392908124,77.46326563022842,78.32290735281214,9,Warning
48.18467787661575,19.98368910791799,40.8540663048167,0,Healthy
79.83926636347005,60.79446210893311,85.64101538527517,9,Warning
90.98998870298834,91.14509303938779,99.78220668526558,32,Critical
57.50630165183191,42.73465407156741,32.804470536232316,0,Healthy
63.12052034917121,79.85526656373514,75.51535136502714,7,Warning
75.91346616883386,72.45590001248182,78.13348139997166,10,Warning
53.97900044069422,39.67962267770243,50.74613914866938,2,Healthy
23.568834427199537,57.14548519562596,29.392175921245315,0,Healthy
90.46169162515748,93.49322523628925,90.0625747102647,35,Critical
18.77149331236579,76.23305811442205,88.72561242937853,3,Warning
29.385900790855324,40.3544789359377,47.87845318551932,0,Healthy
72.78239875631,33.99485407960366,51.158064158979045,1,Healthy
60.125663815245076,61.50241025945425,88.09532683360236,5,Warning
89.550783154437,96.72836369495334,97.65858643884742,34,Critical
24.29450151334878,80.68797305265758,85.29055589309435,5,Warning
15.704238150142078,28.38796754386448,34.84778515173562,1,Healthy
23.43584829052455,50.14267242990057,10.277921380276172,0,Healthy
7.839951283098205,10.912124071418052,51.817687741985296,2,Healthy
83.33012719398266,66.63741018572681,82.22927222451321,4,Warning
79.35756707361487,81.31462387345857,80.8329283643352,7,Warning
71.13854096854728,65.22963663519819,70.99958057319357,2,Warning
43.26617789415394,32.72705323838866,47.6534848050438,1,Healthy
7.515811859688206,53.576840307618816,68.4093381506438,0,Healthy
87.03189305192036,88.47212820647947,98.68409523946934,21,Critical
51.44423699484958,47.48081160042937,11.82832916401565,1,Healthy
46.70017560920955,47.17118930383047,46.71643032023986,1,Healthy
43.26428610673626,12.439179083658654,41.95615116404572,0,Healthy
73.91140514563641,81.41233506906434,86.7013189091004,9,Warning
6.942124521713149,47.286689136561606,22.148833609914245,1,Healthy
93.31535021824554,87.22326193148987,90.9209875419959,41,Critical
98.46946970271682,86.26191493389074,93.93103907559401,50,Critical
28.109116016781254,66.71334390169018,75.749233297945,7,Warning
33.61631173052597,28.67312980720867,17.342605439510677,0,Healthy
70.72360833575361,73.52262509595202,83.92859614072215,2,Warning
31.80871590372325,54.72761134470457,57.99131535683891,0,Healthy
41.961437441235965,26.407633373736598,19.30249700366465,1,Healthy
88.9174364876629,95.42429679014572,95.67390944156074,40,Critical
33.31495446613296,27.961668469988286,45.57705108609564,1,Healthy
71.92250266169926,77.9582793843001,74.94680631638167,2,Warning
54.70481819463988,59.459245490667946,54.60116937361745,2,Healthy
83.53181120604629,82.86827787391259,70.22961319498755,2,Warning
75.2424356288154,77.49098924055303,86.76309949977285,7,Warning
9.780875822269213,41.66203874554803,54.15427679176014,0,Healthy
78.85057587320955,60.898466873038835,77.89468707689656,9,Warning
71.48960143034057,67.6615867010705,86.4476242237071,6,Warning
57.94566280728588,51.79900602561029,51.75845236562188,0,Healthy
25.63929474434665,36.93478336715195,41.44955024356973,1,Healthy
97.42732200842862,95.69268993791432,96.96695111436749,13,Critical
51.794963480988045,14.394381227007194,58.3518932044686,2,Healthy
76.16794696232922,18.526206184364575,13.903095579116771,0,Healthy
89.20502128827118,86.98269486630808,94.39855639713835,48,Critical
30.385661093088444,10.466580991354665,24.80073187129738,0,Healthy
85.5389527327896,98.90374519496662,92.13698141570329,25,Critical
68.82625979000755,82.35235756333127,88.9291302630081,9,Warning
78.38231430557319,37.80025193212923,29.36118329665502,1,Healthy
46.428542141109794,23.615092736014972,63.84582458913305,1,Healthy
34.539533495816045,26.332562089802042,59.67214022725532,0,Healthy
89.59623174026555,93.32700680129783,95.87991629463832,15,Critical
5.963379497413423,22.207364521118713,59.852631480502325,2,Healthy
71.32277675669027,83.71860987874277,71.21209815429819,3,Warning
8.138009663318988,24.109353734660008,25.702341024154357,2,Healthy
68.8567831804304,62.63363711203333,74.44722609496341,10,Warning
54.575660727364436,53.89455795206638,29.031743005923914,0,Healthy
46.63495226947258,12.344823389560997,26.120348921518442,2,Healthy
32.248299452218106,47.07304555695227,44.389050955443324,0,Healthy
67.24925297359023,74.08222327384537,72.3990738604778,8,Warning
32.15875780004149,36.1366414690997,35.652461101512976,1,Healthy
49.52255753768435,27.433299364586468,15.770593065485246,0,Healthy
56.36312596403477,25.807805248837525,40.43408852130355,1,Healthy
20.58386215460699,10.921385936910873,35.93444703355074,1,Healthy
23.987272854093064,35.37059693589045,62.453351481110545,0,Healthy
65.10616897280418,60.41890761230956,83.58398302402338,2,Warning
76.43383705425322,71.80704510407455,87.6031347584297,2,Warning
35.262459818594394,12.170626642740958,47.989082535641344,2,Healthy
79.2539552939274,80.17888843412206,72.40414458241152,7,Warning
83.54229966645076,64.18392580591953,80.00718892431121,10,Warning
82.02432514099144,82.07287041296806,83.18090820264464,8,Warning
68.22074026636463,24.24202471887338,12.213216841271969,0,Healthy
30.485941151859095,41.14686914675593,54.87229624553371,0,Healthy
70.88484115439338,69.89903971869012,83.38617218323759,4,Warning
11.211876462614546,14.358973391591558,53.144646841231335,2,Healthy
29.877505648506506,42.178884759826246,41.58415965616679,1,Healthy
59.45296175573448,17.0042007618262,41.0997791418242,1,Healthy
33.185171073505686,47.084347211433276,51.930751189654266,0,Healthy
47.22787257935613,14.364508979483773,40.36623738156082,2,Healthy
13.822005793153965,26.700443937261895,24.321401878061053,0,Healthy
66.209406509245,65.36016207482912,75.41612656073946,3,Warning
58.434297999557785,26.567350355152538,38.92246348672495,1,Healthy
92.85400820728918,88.80376175494554,94.70950058772515,20,Critical
74.52375949720448,84.76697892664414,85.13460334137136,3,Warning
47.30727313109735,41.23317844271319,32.91637837917375,1,Healthy
63.07301696163469,82.21647700663496,80.06167901559672,5,Warning
96.81955200386398,98.54872157642696,92.67415278472107,17,Critical
27.797752131199523,53.17590703064785,65.3776139079091,2,Healthy
24.552839799386206,78.8159573517959,79.30110496601289,7,Warning
99.31848893288216,87.27148471554945,94.77416189480354,16,Critical
61.1194612626167,79.04767050331039,88.93288867987093,4,Warning
8.493150627450074,11.841093381799569,18.03112712803799,0,Healthy
78.04823068789199,69.62009043052758,79.78752897941341,2,Warning
9.268805460229247,37.12671842661257,61.70454969509772,1,Healthy
16.884974925191912,14.878125511964987,61.719214504256335,2,Healthy
70.3629016204198,60.331275837597765,75.91885777717313,6,Warning
97.0451782228948,93.10418339781131,90.79280284631191,36,Critical
88.26837069440116,94.92751877670997,96.33711599765529,23,Critical
84.33456547912053,71.6252379381607,86.94775861142747,5,Warning
69.94591563755392,82.98827561640124,89.86510030845928,10,Warning
26.27044404652956,56.836499436836725,18.251256648759593,0,Healthy
28.627257706531243,83.94835302641926,80.5931944789124,6,Warning
98.61603149766269,99.94848484433473,97.00431799156505,47,Critical
71.09798636265944,60.54783321937522,76.02092155668626,8,Warning
43.8207316133282,58.432597198706745,51.281800610502344,1,Healthy
13.056793026188103,75.43122552121814,84.78816459662623,7,Warning
58.392141356113065,23.133782129932584,26.294125885062392,2,Healthy
18.679828493665838,26.512626450954926,36.067110669296284,0,Healthy
75.28341505541617,81.43272255902102,83.46492878709063,4,Warning
52.45842766018268,10.105192158794171,53.05432748389566,2,Healthy
7.315125429999903,10.893696736670691,69.26334338416189,0,Healthy
97.03594045830448,97.92127069143277,91.37300032715571,35,Critical
26.33446998400789,84.75522233969053,74.78317555564486,9,Warning
89.75958216130729,98.6793937629945,90.6092872172072,37,Critical
87.52417882761569,97.54663288704805,95.48909631640072,45,Critical
76.14555965716211,75.92255793636858,76.81208333162583,2,Warning
11.611498045383463,37.22445489804248,10.345519629887294,2,Healthy
85.9135289964924,85.4639632209035,97.14414101470499,33,Critical
46.20389015057057,17.296103701757275,16.16754426955994,1,Healthy
51.311269125658974,19.71900169974365,34.681234303400714,2,Healthy
11.084745532536397,52.32261458672591,17.649319739918944,2,Healthy
77.17548166258106,72.34535101142322,77.75297610911294,10,Warning
91.41229681135403,89.95427001253127,95.64231816684536,25,Critical
23.72090509666712,53.3193257125671,22.93179212747991,2,Healthy
33.8802220728185,73.77899904790931,78.76357226496688,7,Warning
72.09973420449367,60.13283689170865,86.08989284863645,9,Warning
51.09588297480627,30.219075077451215,56.254682623856226,1,Healthy
87.89874122851252,85.75838781939308,96.26457019676927,46,Critical
89.87384191609962,95.30943343873776,99.61615807046165,33,Critical
6.2119338163627305,46.000401983155655,35.079396032229056,0,Healthy
7.242632785512015,39.544647159412094,50.653861710536944,2,Healthy
54.8540599339426,16.96226855587976,41.94524093651303,0,Healthy
95.91293845337643,92.26586778401274,96.93805556967412,28,Critical
87.74220082808839,99.34437822270041,93.76676440429462,28,Critical
74.57315142010658,66.32753847949022,79.0050849228578,2,Warning
70.0444700163581,84.84620972249246,87.60629524297855,9,Warning
48.21083899441276,15.916809546169366,34.59429338177729,1,Healthy
37.85772061936696,40.02584302168267,49.90220047277533,2,Healthy
10.043463431128657,26.818523191421104,41.35115149807139,0,Healthy
70.95441791665888,82.48150897311724,89.24522893218314,4,Warning
60.287311832452886,70.2194315307283,88.48053740851466,6,Warning
10.200463876716633,63.870715314943,88.89472517566159,7,Warning
14.26444118284958,42.12879844735948,55.56065967537196,0,Healthy
45.566116200105476,36.26198787600801,11.958740652740117,2,Healthy
46.29012288496409,37.89903693913199,43.15081688696351,1,Healthy
73.00185152777875,73.0488250869641,81.77866149891128,5,Warning
16.64654428660131,34.230079350943235,55.255212660631784,2,Healthy
74.44727781735222,82.60899437484643,86.34815694612219,2,Warning
90.50442110510801,87.20840611615776,92.06581016221782,29,Critical
60.72887965055222,82.68122360891014,73.12567419099553,3,Warning
90.11437857153338,98.7590209986652,94.06590537359472,15,Critical
50.26271454218173,20.48764738418407,32.74162757314585,2,Healthy
98.08982608264083,91.78129895217049,99.85805320850206,47,Critical
31.919901815265966,59.282522705530035,24.523316290690026,2,Healthy
77.4926301524869,75.42360068461255,87.26931460682927,8,Warning
65.01400627682457,65.089459438659,70.20181213378049,5,Warning
11.89420878782174,71.57786784593779,75.56915092747145,5,Warning
52.48335072645039,35.9540892568109,38.75091265778386,0,Healthy
8.881281107023641,42.12096391031578,11.590678632497308,2,Healthy
69.38324769799004,67.14458888814676,74.06446182172175,9,Warning
96.40008317443147,89.6889703736245,94.10682633010283,32,Critical
42.03878383287045,58.49560230536352,15.634042947365103,0,Healthy
27.619031412195298,48.880114186761276,38.82220491198128,2,Healthy
35.8363051928894,40.17438332982274,50.58807623358173,1,Healthy
78.73476132002898,74.29780509626502,89.72493343902804,10,Warning
63.619539054189794,40.09276918310043,47.952431993578365,1,Healthy
26.499829774803306,39.72381675930865,39.80601153155016,1,Healthy
75.76452353957731,65.49266975978502,70.4104162945865,8,Warning
20.71416474550234,53.429956409473014,23.41575031116716,1,Healthy
67.56048778196342,74.08520911209635,86.0760978096695,6,Warning
14.056071922861795,36.7044709687721,39.08979828153899,0,Healthy
87.27829258504946,89.92837224828698,90.54466047366837,11,Critical
61.17129771319008,66.90423894552248,84.13952974911433,8,Warning
71.70385353252576,74.47938138436805,71.7068267296865,4,Warning
70.32931293019298,76.89557312760184,83.16319648595147,5,Warning
7.722326942151664,51.66585357365062,60.63547675670344,0,Healthy
6.055575225268118,22.990660437251712,55.6173893873281,1,Healthy
78.06844380597012,76.4182371180402,84.17531310458308,3,Warning
66.32034015223002,66.78596444085501,72.50712951584771,7,Warning
16.32126655202225,15.595980969886394,26.184976691019376,1,Healthy
89.61294693235685,92.380817340736,97.96508519723709,28,Critical
87.7791527550031,93.11905166412517,96.45572181427428,10,Critical
7.645205418024823,49.07572408757075,59.676453230649514,0,Healthy
83.21576405288485,61.54521151723056,71.84721056222757,9,Warning
61.258738174233834,61.31913144649007,83.84022511893309,8,Warning
23.304868225186635,46.52745684046507,51.62305644420031,2,Healthy
23.7343513205332,23.034726411795155,39.76224725760437,1,Healthy
73.5183641783276,70.73989858940162,76.17668848014682,7,Warning
33.5050024253577,84.51420567651809,74.29391774926711,10,Warning
52.37534979998898,52.3257169345139,65.13559201837327,1,Healthy
39.52039489631393,71.8501607120789,78.88255426331503,3,Warning
94.07259144043871,90.81176943883808,98.63479894912813,18,Critical
39.422180307502884,82.96836776515943,77.24536174197182,2,Warning
38.46675269628852,35.34192159102413,19.558241237138816,0,Healthy
78.07873716161573,67.00836151978802,83.74812728272475,7,Warning
78.2245265413954,81.54227259468362,75.48143178684381,10,Warning
51.0804154405785,21.52845979025095,59.83855106503748,1,Healthy
98.35987683192764,93.95417835119758,98.10161089959702,28,Critical
88.44990630944861,91.16955958099346,92.40531585180149,24,Critical
68.86062371982638,72.64085383554897,88.82241625067347,2,Warning
31.217225558170263,12.218833176661839,61.13161200082047,1,Healthy
94.29952847311246,95.47297646014749,92.14916531386719,16,Critical
90.44130400598728,93.2004449244451,98.39820352203489,33,Critical
45.582067179858875,36.00840549393659,35.60902339929186,1,Healthy
23.27730439453099,37.123931785968374,39.59661080702797,1,Healthy
22.83897615529007,16.10439773503367,31.377870284618496,1,Healthy
87.06444601597542,85.01394125304941,99.03223627344707,22,Critical
78.84335176070012,65.38751897168878,76.72014117980217,2,Warning
79.3129071519851,77.56220853971172,82.30507306564829,7,Warning
82.75532587169391,75.97580397287302,89.07070195703018,3,Warning
69.76887880824093,63.966971842242124,75.1646203933232,4,Warning
87.1520418552703,87.27168282903035,94.32771484341819,13,Critical
64.01718179724588,13.928924857751037,33.815396572095764,1,Healthy
49.14221237688971,38.60243216846504,40.76006355738498,2,Healthy
72.66202914546535,59.81268498789622,67.92516107732762,0,Healthy
12.218468272531316,11.626308974562596,65.2508708689412,2,Healthy
65.48184904809689,60.841729455346815,74.29256146517605,4,Warning
7.113449192927875,55.08809960677117,37.68864787748405,2,Healthy
38.20874991221633,44.32949567463034,16.86925828395431,1,Healthy
58.6547723625516,32.94944940085065,43.43832213340287,1,Healthy
79.73523554783964,70.40545147113373,73.36236256798591,5,Warning
11.94456078604765,43.8088781037717,29.50624092590194,2,Healthy
84.06920875633016,61.89012601541877,77.31361496522743,8,Warning
86.95751896175776,93.48129951411613,94.4225227651956,19,Critical
28.211884307020146,24.75203538270781,39.16002962785618,0,Healthy
44.64472029707786,50.265748367895256,69.32372691732657,1,Healthy
6.300122232548501,42.0985750221633,46.42564216532685,2,Healthy
24.18775465986474,56.476457212391296,59.83716446726375,1,Healthy
29.92605139215357,78.12515190747797,81.48575150180422,4,Warning
26.41125877230871,24.434686838534994,31.34036298789695,0,Healthy
14.543848324257977,44.747554445123086,30.765983592267133,1,Healthy
72.27739323457914,83.17776572146069,72.1078643621561,8,Warning
11.634972910533044,33.03893840163629,22.38002310434755,1,Healthy
94.37469622564053,94.57525866130648,93.07145648104212,16,Critical
56.78056448270888,29.305131890038712,67.67143382943485,1,Healthy
60.036845552157786,78.23361985219991,89.3369099959857,7,Warning
29.15241997136201,28.84722147124538,37.76078714017639,1,Healthy
83.7861206415773,64.38729068453394,81.35454635862109,10,Warning
42.244258831063995,38.668352083596666,17.71002119403461,0,Healthy
13.74160558022161,33.42697083842921,66.65821809746978,2,Healthy
78.18780384016793,16.67399862079719,14.83609082542748,2,Healthy
44.388287082275646,23.631200036676688,34.81294609152109,0,Healthy
39.10729287908452,23.869059149056632,21.28726958342568,1,Healthy
83.76931769328345,77.56351253837018,75.96104417278886,6,Warning
29.326431930950065,25.59759952475652,29.244564426287646,1,Healthy
37.34321079495436,11.469722287825364,33.73091019094092,1,Healthy
33.66787728669339,51.119670940852906,35.851725492282,2,Healthy
85.67941965419617,94.8457878907715,95.3515233368035,31,Critical
6.268433377277867,36.238733012919454,33.991658302915326,2,Healthy
83.73001732952228,80.8207975467269,77.24862645231659,7,Warning
36.16164491942802,29.55213815290872,40.069179950920585,0,Healthy
80.06600780882324,84.93094749759007,70.60052010658785,2,Warning
65.7845159094212,72.56068217915941,84.62972719406231,10,Warning
41.22892765254819,34.90978582265695,43.321813056257874,1,Healthy
48.291963143088225,58.7417326390556,32.2724256333999,2,Healthy
31.08305197852033,27.21918660221166,31.09240966805313,0,Healthy
89.95587210498425,93.83821921521783,94.54278396789823,34,Critical
94.79424487206764,87.30879264674357,99.77031676545175,17,Critical
73.41464623811669,12.954694503912663,63.93084329081484,2,Healthy
43.9983285698004,53.54845618730428,52.84521592794567,1,Healthy
94.8925897247699,95.32068335611193,91.2038757878909,50,Critical
5.1286664844178045,58.38496941035432,10.315229113503095,2,Healthy
27.247946991720454,54.38850493804799,61.05570692605076,0,Healthy
57.040699858492964,49.064802523560125,16.80787612104688,0,Healthy
88.39118606515844,97.25957968319855,99.30398420169325,25,Critical
75.33229212218447,75.94220617239839,74.84044159961755,5,Warning
60.42874454787995,82.91508254106027,84.12317004238108,5,Warning
13.245458504182558,21.462569761632075,53.335154103583974,1,Healthy
50.590351078287256,11.850381735774631,45.77619270892318,2,Healthy
35.34474273926369,22.694428202165213,21.766785981607168,2,Healthy
17.07307887945273,58.727363259943495,56.78552648728185,0,Healthy
25.730279060500457,33.08664068061911,38.85436004518418,0,Healthy
83.21650717537207,79.02135861286239,80.93719281950253,4,Warning
43.513857769448656,39.2905072985951,45.18874553132242,1,Healthy
22.129434522510266,21.36978104385563,46.47366362765552,2,Healthy
8.569073590993986,22.695770696717233,24.81256377031607,2,Healthy
49.38021373779287,27.31521605447004,37.88042877637669,0,Healthy
9.58064261573928,14.585207362924054,46.14645555406714,2,Healthy
60.72924409113161,72.02225366507523,83.24868023402136,5,Warning
94.62729275202153,91.16183214999418,94.89644076032033,49,Critical
93.92844599079102,98.07869591920758,95.76981612417681,33,Critical
96.99675046668675,93.32030537182551,98.25932308550016,15,Critical
74.85206951424281,77.56600514645572,71.33055216421711,2,Warning
49.95973396701554,29.031164673829004,62.67845922670417,1,Healthy
37.18261181443782,67.82157902137826,88.70594197090655,3,Warning
45.56256864603616,32.61089704449036,23.476289376398917,2,Healthy
79.11797853690697,76.77638209649785,78.70648442910472,2,Warning
75.20188156876195,57.18079600837994,35.18363901556734,2,Healthy
72.93329838234327,44.613828225892625,60.95173909391916,0,Healthy
88.50719249639596,85.35561630466778,98.34947205694404,16,Critical
18.14804327084961,35.4862123375849,59.51716649397381,1,Healthy
44.935023354746384,58.79260397312673,40.97802089807172,1,Healthy
37.05322085638686,60.33419208148489,78.19478472885878,10,Warning
42.88869161275499,53.666145793040386,48.177481238754886,0,Healthy
14.709041760302954,21.024310453508768,21.18629572865527,2,Healthy
20.27639430620936,52.57243187756327,10.019950367229365,2,Healthy
91.83074703220912,91.22440654119521,97.304924774823,26,Critical
81.57430997467407,73.29722697518785,85.78864388390383,7,Warning
90.55036786214224,93.25707665654411,97.90014841559882,37,Critical
17.937957164109164,53.46298123255263,38.373517937990925,0,Healthy
21.25985272107427,15.27471299151353,37.392074228974614,1,Healthy
69.29348237265826,60.0338406428867,75.99601055130472,5,Warning
77.94872296092407,29.812100945132936,55.49430854224548,1,Healthy
61.762298641078615,64.64116762253107,83.28438769977936,8,Warning
94.10702921325365,90.8308952181482,92.40299123450367,10,Critical
63.761806775149935,84.20190953626835,78.93429054517041,3,Warning
38.402011867701866,73.14390548897838,74.99048733676497,3,Warning
97.20151723486396,98.86381411904674,94.60669829833489,43,Critical
87.97143275080434,85.98538174734489,98.87119317223699,14,Critical
79.51390067218034,67.590598453596,76.23379657030083,8,Warning
81.76672585313794,79.81487033022836,82.54657870181356,2,Warning
69.30940017539967,47.63583197788206,19.516306317584423,2,Healthy
38.540749302428196,38.17194636742294,32.82518225396786,0,Healthy
8.59459874394183,25.76451689153052,42.36947754252023,0,Healthy
61.794395155662826,77.06543053058506,74.8386336063106,5,Warning
51.99118013532685,34.61389282240174,24.833864464190622,0,Healthy
70.33271782542029,53.86696766904905,25.47649766290934,1,Healthy
49.51486355131825,50.50566973395904,62.024339114806224,0,Healthy
30.837862817598563,64.5048938532037,71.96469984378162,7,Warning
46.6815360755403,10.719674431487793,16.964358430414975,0,Healthy
90.87865844415863,95.45745538206971,91.93435342956482,38,Critical
93.66741957267153,89.61811187911552,94.77200079417962,14,Critical
96.48743558852365,85.08107385509005,90.01346270956563,29,Critical
62.54907918845738,12.101233758570265,54.39424724601582,1,Healthy
21.56958934180002,39.917874214887945,27.83426846251703,2,Healthy
90.93905839293924,96.34380687133651,94.54183662736706,20,Critical
37.61743838027313,29.576284908891466,34.75731045091742,2,Healthy
63.394726176598425,62.48255506884232,74.1772814141148,4,Warning
72.0795215828417,80.95576052704502,77.22807558134373,4,Warning
25.9573811957279,63.51382418945902,79.71179399318795,9,Warning
26.249190041657354,32.506221620987986,23.61788166192185,0,Healthy
19.757617177736556,70.458346602557,85.01879596726637,9,Warning
32.282631127393756,10.635744499344677,69.54492402936822,1,Healthy
10.499168793902486,12.674264837368446,67.5124898129919,2,Healthy
86.88348367955876,87.56942436732506,98.27356554826146,39,Critical
73.57553577166911,68.67214940910964,78.7128958091302,4,Warning
67.21013594546864,84.02838713518983,77.78963789804841,7,Warning
30.036037201024403,70.46455713828723,75.85032850952504,6,Warning
94.79459382861909,93.69428645842206,90.2221848202558,43,Critical
49.97819314213198,20.675568315533596,40.351161577109735,0,Healthy
55.23078211669302,40.62867341724096,62.4219156079807,1,Healthy
64.69284163710907,10.061833987970472,28.051186501195303,2,Healthy
93.29667956587558,97.18387181485512,93.84042638391101,11,Critical
58.44416524640071,52.445691213304194,53.303771269892394,2,Healthy
57.10058367864984,17.66757015580401,45.17378992100783,1,Healthy
90.71427767535212,85.81848112424048,95.99461139658716,27,Critical
95.38075829559617,87.09981065082644,94.1581856801841,25,Critical
85.78586943392291,87.3943735214825,93.35623272977912,19,Critical
85.72138465618053,89.43497558907428,99.32544589352452,43,Critical
52.547108416904166,46.69549594768509,41.275618730824895,0,Healthy
42.579232001277774,13.80654297451501,61.07241484292612,0,Healthy
71.37297223768968,66.68131574483988,74.3961069764638,7,Warning
89.53699476192205,97.88047181866861,98.5723093736979,43,Critical
19.5963075053507,18.88831939256241,51.49708333415916,0,Healthy
71.4735129149205,78.31833686965413,82.13463449434873,3,Warning
47.91171848865563,10.351460190680958,13.436815064657402,1,Healthy
12.482021188710123,82.45966166460087,77.99037569173869,10,Warning
65.22648434267116,62.11720854688267,79.33386241768817,7,Warning
72.68284276591474,46.90345616692586,58.371752860227446,1,Healthy
98.355764812829,93.65321801966813,95.63919566755624,33,Critical
59.63353155472457,47.62138813077863,15.428901717223045,2,Healthy
12.042521142677483,17.595134675614716,18.329630358964607,0,Healthy
38.415537226146505,22.217657773232727,39.89486187093641,1,Healthy
63.32755173864545,56.60140527550087,16.150583679440757,1,Healthy
21.753757304535387,14.883605700319194,51.053981590729414,2,Healthy
61.911998887482824,84.66822753752122,75.42731927078022,7,Warning
47.9289033384124,23.740301777406806,59.3568591108207,2,Healthy
25.988656692696004,16.442435600012743,34.76566775596156,2,Healthy
19.047741657687073,23.035664995995827,14.155258377151597,0,Healthy
87.65730284833938,95.83099096305678,90.40285518777999,31,Critical
56.74814459859357,51.341944185593874,50.01829101945444,0,Healthy
84.19403663173905,70.99351216269771,75.56736963325314,9,Warning
88.68771163740101,90.37209574793717,99.89505333384322,14,Critical
93.20393313978215,92.12634809300152,99.22434283656125,22,Critical
39.902032965266706,49.895707980794704,33.75822835974729,1,Healthy
10.25444226090675,41.19296623382865,37.10606072423374,1,Healthy
89.47113475787233,89.16767744809849,97.71512061998487,28,Critical
37.88449883460968,56.093711751155844,15.30955012311517,2,Healthy
82.87414662694921,64.72847750057461,88.44734969340206,2,Warning
94.45139690292496,97.42979359177434,97.83469560049268,16,Critical
73.82443715219308,51.74651183996495,69.06413084221313,1,Healthy
91.15743691090832,87.45004972133586,92.21781978192318,26,Critical
91.81604731719929,96.70283902724492,99.97622822251385,21,Critical
75.51184462629926,78.55632967997718,73.39762012101471,10,Warning
43.12463663013086,12.579790332935499,50.19504787300235,1,Healthy
54.640409867376164,35.26261862239286,59.587447966464495,1,Healthy
37.93445630109203,13.224563562458377,62.63436742973202,1,Healthy
50.236430999889855,16.626233637092422,61.720868936357355,2,Healthy
20.28461534868773,19.697693363388744,62.78898915651632,1,Healthy
90.27707509615529,96.42513814320495,95.07082424060266,40,Critical
15.000373196390534,19.17022549267169,28.254534577572265,1,Healthy
40.761060081898435,17.601242656432404,13.68097762664009,2,Healthy
36.79270615586245,61.48678922168202,70.06335697161404,2,Warning
17.652952566728864,16.566756320468905,62.08325935193757,1,Healthy
45.55463925632898,33.80090646843833,32.553297108746165,0,Healthy
56.648723418209286,49.93916178868327,69.87604663200025,0,Healthy
87.02825970569282,95.13184068004638,93.96000966385616,17,Critical
59.34360616590257,55.06480053873244,49.100075122385554,0,Healthy
31.21407162695266,51.92912793513124,22.30465360896755,1,Healthy
42.3108352570328,47.81323289457263,60.51822228980252,1,Healthy
78.37314618487235,73.28637285473263,75.75890685351985,5,Warning
67.77506236831701,64.17327677043754,74.87458965048684,4,Warning
61.661583144406805,79.16287623831462,81.67427175462728,6,Warning
18.07006491958198,46.41081743059298,32.06698796315519,1,Healthy
68.83651851366956,71.46166061423145,70.75963126579707,7,Warning
34.297173771885525,41.75445529548594,36.99053247835356,1,Healthy
33.98728051514084,31.304169194518575,17.842622604411968,2,Healthy
78.93661113626794,67.37680873160774,75.97714270518061,2,Warning
82.69596284708835,72.67649116846796,73.75840761630646,2,Warning
68.3024841348284,68.54509263730456,84.78053115575918,8,Warning
5.990360558024998,58.1405178537013,53.600259524219396,2,Healthy
61.135082036717314,67.25072984122265,88.620199417706,6,Warning
58.925449880080784,40.40439247709426,48.19865929733695,2,Healthy
34.46760762411172,14.514488502720415,60.11814973535428,2,Healthy
8.779205788504727,31.214844294244408,14.95705980755612,0,Healthy
95.72078250253054,89.40030132161515,95.25470307355893,25,Critical
55.08721186893268,33.22166181127714,18.251426489020922,2,Healthy
93.67738762343996,95.40133192084464,97.00611496394451,18,Critical
30.55292281496956,44.022831317966265,33.73270503279812,2,Healthy
7.630695121675801,11.901092411872746,54.772435448910315,0,Healthy
35.19070889389375,20.086523116511792,51.07429287279,0,Healthy
38.603954386804546,30.551423490335235,60.39167817200322,0,Healthy
31.453508943736807,42.11627629526137,13.8912156689781,1,Healthy
79.53372101536016,84.00419461821863,85.27158137733144,7,Warning
38.327798612955625,56.315043925667446,49.06462153011667,2,Healthy
24.136777637019165,32.51754894527063,54.92958021779839,0,Healthy
87.76688576589825,88.03440923737305,93.86707057043978,15,Critical
42.10343191039189,24.8363820552045,53.105753789124115,1,Healthy
66.46779105388602,70.86008297516524,84.46895635700002,4,Warning
38.54981617804415,51.659745586808214,20.401879210466326,0,Healthy
53.604031831341395,32.101218689142875,29.853361779350315,0,Healthy
7.010231731645218,33.60334725549996,43.890467995756985,1,Healthy
54.91615606593512,22.464611457443745,34.62297538213778,2,Healthy
9.40990077450469,27.73856459179921,66.5035426971355,2,Healthy
8.919120027089223,10.605423761744373,67.39008389796881,0,Healthy
94.17469629084988,89.43621343892531,92.557437015483,28,Critical
79.81303479907298,71.53613779718282,84.61636057423618,9,Warning
36.6799129793113,55.86978065427658,10.318000383856326,1,Healthy
6.722231085055722,52.11423872974993,36.98524800218594,1,Healthy
94.5011761036319,97.08288870364086,93.97884175557023,24,Critical
24.970540514870574,54.85931704823095,20.131252400661168,1,Healthy
36.018080061036,52.03549929389656,15.352259722723371,1,Healthy
93.74071674017023,97.18710731566257,93.26941024336675,10,Critical
87.93633409608437,92.69762623423054,91.3050455963744,32,Critical
22.137059692120523,79.78895506478425,79.02588226058509,4,Warning
51.812516933427126,25.846100257813884,20.16956480116555,0,Healthy
64.98114886020785,61.12403603978878,72.52712962629022,2,Warning
18.12282728846871,43.99223899501229,54.39452562684247,2,Healthy
13.451192098861197,32.68468173026413,41.821263623695366,2,Healthy
45.12833980859352,41.87787356776066,63.23276455457959,0,Healthy
54.06256053474123,41.556931299863145,57.68867821249891,1,Healthy
71.47408698443246,82.98468511431682,73.5219094266119,7,Warning
60.30391928693467,76.85049797646982,71.03671598239458,2,Warning
92.85110777601207,98.82270087861127,98.1207761100868,50,Critical
25.358728514049442,10.772830826443371,65.69911375526353,0,Healthy
56.855712777729394,50.4441730818164,14.585011566283086,0,Healthy
88.81810814382492,92.09541255014531,90.43315273254312,36,Critical
13.84179428265695,50.89835120595311,59.92805067746451,0,Healthy
16.502193509318282,38.98249672358692,30.4937926273927,2,Healthy
68.18880412950331,73.66713137748222,81.50818774572296,2,Warning
88.79539511380379,97.98343574758306,91.02842592157477,35,Critical
84.79240183431129,73.52507247319156,89.69691487934188,9,Warning
41.646878720927184,16.088095556263738,38.694041382884336,0,Healthy
23.47262214324093,51.25536657113299,31.78355273170543,2,Healthy
34.54080247416079,70.39859761454638,85.18137878516751,3,Warning
41.0383089351462,37.542868530456964,15.219205594684608,2,Healthy
21.111909588259195,71.46307522204727,75.7848954394531,6,Warning
19.913109007510165,39.640599582671136,50.80791586620708,0,Healthy
20.06786200266236,20.729455985418706,32.63554499367855,0,Healthy
26.327618983410932,82.1241077045147,77.66568479284403,5,Warning
21.900948070945763,50.15129489163317,42.34967660051527,1,Healthy
74.48570616252823,44.74909430632713,61.607343831352274,1,Healthy
35.78021822195198,17.762012296535623,20.91568782971627,0,Healthy
38.67418922346369,34.21992237870203,49.64920709795504,1,Healthy
67.74469648022747,67.25113829906093,87.42828068381709,4,Warning
15.185756232710737,18.70546676670422,15.903738982803839,1,Healthy
67.48593534279586,18.857489472369295,51.55755713356987,2,Healthy
22.798562053224767,34.432159520233284,56.224445068467595,1,Healthy
65.87433512489882,77.62177525108454,86.3425628403117,10,Warning
74.34603135261284,70.39009739768339,86.94543335443718,2,Warning
87.46930769854757,87.7175777627503,97.90691101900168,27,Critical
22.562250067472817,57.50309835254025,67.03642881625336,2,Healthy
52.065549239818246,21.358977851175744,60.2224675145764,2,Healthy
17.130861870727777,30.919989433382636,22.214696820534563,2,Healthy
18.047473545479697,15.089123631020186,19.171548351059922,2,Healthy
75.0420541004574,83.42772362299192,76.23604273911538,7,Warning
20.703061348698178,76.5880898478363,78.22394977765092,3,Warning
72.68615915299355,76.93468303796791,74.70074429607651,8,Warning
64.56680960599171,63.489971683995,81.52944875115507,2,Warning
99.20134052760555,96.72423218794599,93.13706512052065,21,Critical
71.20364516749824,53.97909274757646,62.23470550276041,2,Healthy
52.735506198601215,32.736992781692955,40.93576171475502,1,Healthy
69.84232586159077,53.11818543733726,66.97123741945853,1,Healthy
68.04174974148872,81.2010522400371,84.57722884539893,7,Warning
94.21728666267447,93.71793135581434,92.53635555514039,25,Critical
76.34985230849503,80.45923916203344,71.00037153642225,5,Warning
25.012034371306036,84.98665620539077,72.09616129995145,7,Warning
68.63074884174931,70.35502313929575,84.64827729625337,4,Warning
26.208895953709217,69.95569484895029,78.87807664639823,8,Warning
79.8981564529287,41.48889614980766,22.97944138219321,0,Healthy
87.23874204612211,89.0226155161737,93.61074726341037,31,Critical
23.54749230154812,55.27623961648369,56.35736364696295,0,Healthy
34.29241879033722,12.591176841121346,30.196256691635234,1,Healthy
34.293949655026275,22.123525181736483,26.154593856962858,0,Healthy
7.466946241296276,32.529850949156696,65.76560166838684,0,Healthy
70.23530179542546,80.27196452519796,86.71651855821032,5,Warning
10.86183015707709,17.00092693302245,25.821028158076984,2,Healthy
79.26856327263879,70.68739125891898,74.1243481016828,10,Warning
14.398817306453621,43.43216099622155,65.76255934765516,2,Healthy
91.17061857118884,86.89579633608501,90.27843907577413,19,Critical
72.34527424194584,41.01547756767323,52.244786085953415,2,Healthy
22.92590051736412,39.51319694428112,35.99480493829934,0,Healthy
84.1253842363618,66.27232614227756,83.52052576105095,2,Warning
18.000255899859326,72.32161461118616,78.08579494509738,2,Warning
84.4046743747021,77.08634443518773,77.50882219335826,8,Warning
89.34159282429232,92.01521818727315,96.19389969366502,19,Critical
23.383107528283343,49.24484885557338,52.460856084454946,2,Healthy
34.27347438544645,16.287075590332442,17.96287922915664,1,Healthy
25.155783152057296,47.208526152828114,53.25639545512776,0,Healthy
41.18149175316698,59.97068628853333,12.892722331633362,0,Healthy
76.50401534831136,48.24049004514977,20.490317635624752,2,Healthy
28.901196354399467,60.841910096861604,87.58371545202496,4,Warning
41.79082328147048,53.20837825359515,23.811116094493315,2,Healthy
36.93235926529239,41.61321439597652,10.785667395300019,0,Healthy
86.25287372020028,88.16688913837056,97.52468337586494,46,Critical
52.199737923644015,50.953175693082805,42.44762529913266,2,Healthy
55.82229675090882,21.805826655870217,55.59732453625514,1,Healthy
7.187128074371325,40.20358385356096,64.44280988277082,2,Healthy
74.77825758146291,64.6533974438337,76.63129398134387,8,Warning
23.020629181262763,70.83956981581537,71.85250966102734,6,Warning
10.561747186753465,14.205340305749871,52.0581478875472,1,Healthy
62.908962129112396,75.31989588841276,88.7696431642831,4,Warning
76.54168149072973,63.53058858432874,81.41754833678952,6,Warning
74.9227672636664,84.98894258126097,85.38897788164094,3,Warning
34.65779907819789,78.51190329883798,72.85700574601677,9,Warning
94.23131169731253,86.2236238841705,90.8778823705816,19,Critical
54.93263717543838,25.80982911482473,45.2984005477034,1,Healthy
91.60860292018461,86.98606920244681,93.82252251977458,20,Critical
38.572256685437665,57.465339852888285,33.79896238312325,1,Healthy
93.74695328649375,95.95332576635874,93.64822470207798,20,Critical
9.191020877953974,57.026591356769174,34.99834346430875,0,Healthy
92.82065532210612,98.44861987703516,91.96294302311067,43,Critical
33.512441206986225,17.508450040852082,54.246026123289134,0,Healthy
39.07741356029124,27.77465052206787,57.651839876625054,0,Healthy
29.332546506436824,51.5931556625711,50.176156968037716,2,Healthy
97.76726103138972,99.36447469408881,95.65744950613289,18,Critical
97.0614350445039,91.38906562700409,99.94684165196487,36,Critical
34.998752817379795,13.113655294094281,40.7501589262199,2,Healthy
99.23471000570503,87.13834832549674,93.82139474832569,23,Critical
38.871755392871904,41.75468254338219,12.718240586322672,2,Healthy
65.26762409668008,83.9362004759524,70.17726570226938,4,Warning
89.77393062078589,98.41397677384622,96.44902905292356,23,Critical
78.46493645330827,67.89068359408375,82.89665208044627,6,Warning
74.97611467875954,75.59121945725666,82.97009640237377,6,Warning
54.63493190072129,13.322192217788745,42.03804835286583,1,Healthy
92.25703809790971,91.275843000675,93.57811249335593,27,Critical
54.29217164767711,39.7388318688468,46.99627491174844,2,Healthy
11.201773571520835,68.78048468371952,71.87553052514033,9,Warning
74.43193101502554,56.91702284105189,20.87398396993961,2,Healthy
63.50605884715319,33.26028061418591,13.608540556047114,1,Healthy
74.14477268626797,46.304779303120036,45.5777743155293,0,Healthy
90.77653904234545,97.82208668198892,99.52415305996644,12,Critical
89.10547686517556,98.67727943029138,90.97507692463876,15,Critical
70.5682159223483,68.66310419881796,77.95224757105741,4,Warning
74.33057986123978,68.44123254998087,89.77043295990893,10,Warning
15.552702859530859,26.16857810577604,23.59938413361928,0,Healthy
86.22398080007258,88.87887386702177,90.27852240821075,11,Critical
92.70561782822958,89.32276788939294,90.0646435778971,15,Critical
18.74487222771169,75.41959019631352,84.85762987335877,9,Warning
97.34909819020045,93.34286038945018,97.79516701424063,35,Critical
86.9753035515431,95.57561359530389,97.41977729513985,13,Critical
54.728728197156165,27.41277335116502,40.83936934958865,2,Healthy
26.289331818459694,58.19111377411755,24.914815462896524,1,Healthy
71.20336366923684,21.839215465569268,53.946923910285385,2,Healthy
26.962375369511946,17.62080066652087,69.5490101295025,0,Healthy
35.86725335553887,36.16954556871832,16.886132312153048,1,Healthy
23.64663850767854,27.460478730633046,53.557340732214364,2,Healthy
14.987874424078411,55.422528066681416,45.00350768596723,2,Healthy
35.85158843444624,53.832680132917254,34.208971972743825,2,Healthy
23.604470793279162,25.434937168659765,66.82215926432337,0,Healthy
14.701284257842282,34.91838863697399,35.13552697027288,0,Healthy
18.91445923940826,44.77055615533238,14.526072825386155,2,Healthy
37.876841608955615,65.27781177915341,87.26801533714004,4,Warning
82.58896108581325,61.94101939971953,86.57742552505917,8,Warning
95.23810718150736,89.97425273661752,95.00579317430831,33,Critical
63.853626079462174,73.84278713395028,80.83409624820008,7,Warning
16.11086176213695,19.211241961901308,63.639382600472224,2,Healthy
59.964442476120915,37.79032907185898,38.392607084880005,2,Healthy
89.73045614899176,90.89720694241022,92.36923993896724,34,Critical
89.40302188687991,88.98996539638986,93.32780868960795,14,Critical
89.86494066027277,95.14725624280906,95.94241827308598,11,Critical
20.07303713779633,37.70890012578967,49.08522330111185,1,Healthy
90.17226411619255,90.05966431226841,93.11911905536705,18,Critical
47.541021912763036,16.54368303591749,68.18926270471269,2,Healthy
79.30752537913358,75.63011923826106,77.47109602095364,2,Warning
79.94330658370535,69.18476821742676,71.74034436605578,2,Warning
95.17736752975873,89.84649552499506,99.87749539099188,35,Critical
88.14183654264266,91.24394171031861,93.56571325950819,18,Critical
10.725972009151562,49.99580426865947,20.712679723260017,0,Healthy
93.60924799103516,90.89342663339768,90.28652427577654,35,Critical
99.9162290133831,94.08221875788918,93.0788638201625,45,Critical
76.41024008751643,84.27877268420714,81.2437762212905,8,Warning
71.92108670794542,77.19305106076402,84.45413915396458,7,Warning
60.761592157724,65.11120931160683,76.80823112228519,9,Warning
70.81822840049261,71.44249012898234,74.17765448010327,4,Warning
89.1388404157082,96.52871996369802,92.26272430003186,49,Critical
72.49522542086503,39.15207804848461,35.28547303554988,1,Healthy
70.81917198998157,77.13609708054754,76.64912314297425,3,Warning
56.338996944371566,35.05199419576296,42.36264690400375,0,Healthy
27.608095196767213,75.48815500090758,81.2679070142528,6,Warning
86.7031096348943,98.76314514480617,97.77811244458451,43,Critical
90.55348278526866,96.26918386560651,98.9699528936441,23,Critical
11.076076222226707,27.731107882038827,27.234339499244903,1,Healthy
8.165731800915434,37.47644411618678,36.49183008240262,2,Healthy
94.97583983509946,93.3486764275323,93.42730925427907,41,Critical
33.30409996419664,67.56197572919817,89.50746554292841,7,Warning
45.540538821366056,55.762717083455314,67.52214444447077,1,Healthy
71.88865093717067,73.57561459894158,74.5549947220642,6,Warning
28.473389793521218,49.98910110371347,30.96321994295998,1,Healthy
88.46919892473933,88.65356688796948,93.06047166228771,37,Critical
82.66052409786093,64.09702559451206,82.85637829600348,2,Warning
86.91355261857056,91.13627722952315,93.54377182986136,32,Critical
92.48954419021487,86.59505946022341,91.14139969309632,38,Critical
79.47327673510634,40.321452982979494,10.55182309699778,1,Healthy
27.448668789675807,64.38054430264569,87.33540709012,10,Warning
39.263162095991554,41.57801100462603,53.98678134491686,2,Healthy
6.817790309530161,27.25356240133415,48.06108068208183,1,Healthy
18.06492719808801,28.662589581467003,23.63617763578909,1,Healthy
64.13105126106508,74.57461065411506,89.99427608311828,3,Warning
69.88014815774926,83.82241989994569,89.3410536285207,9,Warning
99.47814457818603,91.42275909800759,96.32019208422436,15,Critical
81.19819709408371,73.6396295667287,89.63414685042284,3,Warning
13.389647360284375,38.81441800834066,46.40290278297135,1,Healthy
68.86665512462707,73.76658448602129,78.06415512266504,9,Warning
87.38105145061465,99.23909659368425,98.79601496711763,49,Critical
90.74823048920878,88.2449916644624,94.42577345932816,40,Critical
84.87453423312732,73.18081651884782,77.83716592818158,7,Warning
87.34302261895898,99.82631490945221,99.77279932566447,39,Critical
38.289514504481275,81.06779755401388,76.26695835170287,5,Warning
14.001076857613748,18.213289896549647,58.874483213882925,2,Healthy
91.30016506443494,93.6753964467481,98.32611773326131,46,Critical
73.69461735958299,84.4739376760276,81.1099084821172,3,Warning
94.75637873235796,88.18500961430337,91.2200741357689,36,Critical
91.0405558149184,95.08760894010473,96.82191689255099,38,Critical
67.60075681119999,67.9526111725868,89.2231883142033,6,Warning
92.53736315240398,88.01156462135017,93.15010372376732,11,Critical
92.87887628172375,86.66813121007328,98.68169295326504,42,Critical
6.396249561318967,17.80762986830952,52.958333730843854,0,Healthy
97.99438653973272,87.46942642388004,94.15124939534721,18,Critical
81.98137787115962,76.8895022987565,80.93926502742777,9,Warning
84.03783347457713,77.86026909066496,89.04934233375694,10,Warning
70.55961305460765,69.43284153515809,88.72642307938314,4,Warning
74.98255290348594,64.48390025723103,84.10278291141127,7,Warning
91.87777843280523,93.46885958400195,96.63027203723148,11,Critical
20.615653610560614,25.268193017219673,39.136825215173594,2,Healthy
65.46774500808958,64.57094449672043,86.51421903121334,7,Warning
35.8242347039242,15.549473460674054,36.82333262838553,1,Healthy
9.873023632378947,21.03059763556056,45.89351764382433,2,Healthy
74.41535017824295,73.96914861560994,77.42339032039062,7,Warning
17.056769304692438,58.79326279095657,30.21374750626641,0,Healthy
89.72377666883344,86.44967251431629,91.76896950823983,33,Critical
17.334812020330787,45.6089610673768,24.234945249808003,0,Healthy
49.408663849921865,58.104939288205884,57.40081352751137,0,Healthy
92.77116247060518,88.2099201804747,92.83284403492577,18,Critical
5.285167452569272,41.394720747431805,21.656437210722537,1,Healthy
79.95950851295882,80.56055934170696,87.15124675322568,10,Warning
20.533699427758144,29.53641828068066,57.900651293459696,2,Healthy
9.496746757187955,53.67893120533886,65.25234403190879,0,Healthy
90.60712163300504,94.3799493955635,90.12341046060374,12,Critical
5.149099467788131,15.834803207084066,38.38997206311353,1,Healthy
71.35863557669138,75.75618048640395,74.96767217486415,7,Warning
97.30731376720412,97.3951121642528,95.88000463429628,43,Critical
70.95943766496174,53.873600676352645,54.104262628233144,0,Healthy
93.77241716958686,99.12211356259098,91.744092671115,44,Critical
7.857611765484762,49.31390996920165,22.081826928158463,2,Healthy
41.438725639469006,25.58555380447055,41.20408127066865,1,Healthy
29.520801406947513,14.998745790900145,37.55493351795203,0,Healthy
66.24892365994053,72.87514149274308,80.71107629759345,6,Warning
65.51221086722767,79.06207211188882,80.84942006925311,9,Warning
81.74015206186944,70.0693958308225,89.40470688829754,9,Warning
5.303716441798132,50.77307142274171,52.41144063085703,2,Healthy
69.29310166005858,69.811454655737,85.08529946694046,4,Warning
31.6065218062827,23.495561119609746,42.39056673449161,2,Healthy
32.181684598766495,51.41246262186092,30.112482842252362,1,Healthy
44.27352452229878,34.699074356543136,55.27811751160699,1,Healthy
28.003366995984038,56.63642416770066,61.9638333700245,0,Healthy
91.07087595744488,86.3147475429198,90.65811760690576,29,Critical
63.34126453526295,71.09647971053252,79.01552567772728,2,Warning
41.08890107245893,18.87143847348534,42.7016151338163,2,Healthy
62.52352999943804,81.72360630697862,83.63497288180322,2,Warning
81.45300985627759,79.59430972543123,78.57969863681781,9,Warning
13.596732804181363,83.50552013928213,82.07593983858192,5,Warning
94.6729183422247,85.35298741621148,94.29622863896844,33,Critical
85.62142133229082,99.51704106472728,95.49864178364398,33,Critical
80.88519577105315,79.61052145008544,77.53971083852561,6,Warning
89.72515760775137,88.36903660112327,90.69153567718502,49,Critical
81.11664772725561,70.78254265852536,77.5808097076607,8,Warning
26.469413483249255,82.65277505331242,76.42991402495764,6,Warning
65.0868185624399,61.67434030063179,87.54700906265677,10,Warning
51.431722739947126,56.500841740541595,14.224967850972634,1,Healthy
37.49582933129559,11.52501249695247,12.240891324952866,1,Healthy
41.44654821826455,14.614239603662861,45.7792911316221,0,Healthy
90.80911617137262,94.89535409395711,94.42033420931124,47,Critical
31.458403611424753,54.24991782616405,41.81590795809401,1,Healthy
59.828083851527104,35.10975051656213,45.723101039202625,0,Healthy
15.700707775191553,18.31658038715711,47.04110544477845,0,Healthy
76.23772324268619,80.11035149193684,84.302003225674,10,Warning
85.76462315533664,94.26293672593468,92.07783420961691,19,Critical
12.103767833332224,57.70255136293612,46.3704780670528,1,Healthy
93.89156411305277,87.22540505934275,91.72086032452627,38,Critical
83.43446095410802,75.08229514287358,79.46801762989826,8,Warning
90.7417615060456,97.58719912106129,91.45326692420504,13,Critical
88.39049795182979,93.26576429942398,95.23563579529856,35,Critical
89.31746948277409,86.39907170167255,99.63823160878474,12,Critical
37.677189344367434,29.044542831551077,68.19486386887618,2,Healthy
7.82841974163377,34.81831236006182,45.81057093501335,1,Healthy
77.1139218767508,24.26451691786582,35.750955603781414,2,Healthy
35.529672211625744,46.65356480148374,46.95912701561074,2,Healthy
65.05055564150838,31.544376183090296,24.922856355257792,2,Healthy
92.0427799801845,91.33984050683438,99.95637833594809,39,Critical
19.20344135644271,32.95678781191307,68.80195451712862,0,Healthy
61.65412972086101,60.478887138781324,86.53717121945506,7,Warning
59.798388569498606,28.415476525342417,36.916637857272555,1,Healthy
71.70299064650943,50.64505045650388,69.98306039716783,1,Healthy
34.89540736126938,55.32360554822735,47.454279754839526,2,Healthy
70.03614077282984,63.96560361315945,87.63984339443272,9,Warning
74.59431951285279,83.80554464243987,70.84844596413784,10,Warning
16.359821640959744,79.18919071294795,78.33008863807758,5,Warning
56.52523541182005,12.612893964301188,35.12759914444968,1,Healthy
97.48625775115379,99.63209542471033,94.74164296271987,23,Critical
63.30588221940349,57.51563764652958,22.17618205449413,0,Healthy
50.19848502644471,27.254131391119337,30.85715286896101,1,Healthy
15.18231108612408,37.0950473689179,62.3767501525845,2,Healthy
64.65526294202577,25.19732006203619,49.18976743187698,1,Healthy
73.72825840692931,75.80224573765605,81.54081328923822,3,Warning
64.21324378011333,42.750466941605424,69.52799898044034,1,Healthy
82.93714607829975,67.26261264178551,79.39976536315874,10,Warning
86.26383066126957,95.23978907566298,92.35622851191648,17,Critical
93.34696956023232,90.37932372930388,99.11339190078631,33,Critical
25.460994718603075,48.82064803709984,30.44821241518107,1,Healthy
89.60824625531906,93.19687812592187,94.17193418564577,37,Critical
72.03763179272644,58.42443887971919,57.92285149927447,2,Healthy
79.86288861226872,77.67716193166746,71.00452022927948,3,Warning
57.77671543765684,34.392702196318126,16.58417192065021,2,Healthy
37.582428156273465,51.234048296257455,30.868552474131583,1,Healthy
99.87944120857965,89.41101193265166,92.10318556285793,16,Critical
26.9351495794637,31.676036879037103,54.64255857994692,1,Healthy
45.348870652327186,24.972175524594334,20.408804455957434,1,Healthy
80.22957927847577,82.11060688754942,84.0006854554421,9,Warning
85.33099223023436,99.73781908384058,90.8613213906368,38,Critical
42.57511210450148,51.129193795583696,41.77970071930486,1,Healthy
74.71262337897473,64.63431947706279,81.99542629940996,3,Warning
79.41976208518068,80.54119832404427,79.23045855177213,8,Warning
34.96662674964836,47.92125089345556,55.246460818969844,2,Healthy
17.712200183520565,12.584841862076349,48.40017801021482,2,Healthy
30.206535284076104,34.23481435650235,19.946472409796545,1,Healthy
66.93661699312385,67.04040105264079,89.26720640892076,5,Warning
71.56689012663483,84.52468445406713,79.66814871946293,7,Warning
53.34383951552471,38.58861760241611,41.04678110530247,2,Healthy
80.91246226545084,61.255360792261385,79.29226337617942,8,Warning
59.818326961913726,50.69851347530094,46.913166293860655,0,Healthy
36.47608580439611,59.016579185802286,14.520775360367693,0,Healthy
40.55475495685339,54.40195321800589,45.921544139145844,1,Healthy
41.31085571947522,23.996694847297142,67.29191683979164,2,Healthy
39.32818993170237,30.470582609562022,43.12283085111881,1,Healthy
23.620048635883446,73.27713362213107,86.83446723489352,9,Warning
37.62718635590613,54.615124906982615,21.119810771722868,2,Healthy
91.39597535202434,93.22217804092033,91.74647185896329,36,Critical
31.104698166239764,52.20852244845986,58.34020917700319,2,Healthy
20.318730596730568,74.5901259252025,77.80240469376679,7,Warning
23.129839844446103,80.97493319295026,70.22835966908147,2,Warning
28.399004123902923,35.38051893422275,24.544583944904815,2,Healthy
19.28919695852879,41.70028515498056,42.39912278295133,2,Healthy
22.12773201652118,58.97552643107543,20.519816193360313,1,Healthy
69.73076179229471,65.72188656208748,81.93703753775519,9,Warning
88.24375792279794,88.12882551611577,92.96392006875283,38,Critical
67.39136354031213,75.49039817362306,81.99255136919842,5,Warning
75.7455163608677,70.08026582959558,85.04795764607576,3,Warning
40.876040672556684,52.28021814949534,51.54956960015352,1,Healthy
44.27325598844055,36.38238650723929,42.067353475434814,0,Healthy
80.66220225489405,71.15503052443859,86.11689065235666,2,Warning
95.13641939342835,94.27915433640908,95.68552255604612,31,Critical
85.25013720234759,87.92160246530838,98.10468217215467,37,Critical
26.845094129015017,43.40425682853231,22.299057724949257,2,Healthy
24.758791135393505,28.96792949612119,46.33228945869297,2,Healthy
59.166265942928405,51.94490432229671,17.47976087219601,0,Healthy
9.917605127174273,30.87903878924642,62.74709845372988,1,Healthy
44.93664642395164,47.854060102122794,32.67103295654719,0,Healthy
77.30897306152644,66.60154961734297,88.78136958900583,2,Warning
29.719787077601186,14.770505824520566,32.249095131895984,1,Healthy
15.269781267517281,14.701805221713318,31.400258448505884,0,Healthy
57.8644613392142,52.22669243390757,54.839206608242854,2,Healthy
95.08376030941292,92.21916926828855,98.0967503626589,39,Critical
51.67683872085709,16.83106657210144,52.53465981460712,2,Healthy
33.679512897397416,13.182045464332116,59.88241086314259,2,Healthy
75.90106171949921,69.1088559607058,75.90483604979285,4,Warning
89.62702422234226,93.59563300928524,93.25211196276211,12,Critical
43.92285794818403,58.63881614460429,59.562343099994315,2,Healthy
38.434780103639454,48.244163077106414,58.77914432296561,1,Healthy
97.24118563515027,85.28418105061532,97.35917953551989,40,Critical
82.5240223922617,84.90394183746947,86.50831328247897,3,Warning
26.539657729719583,16.221877864842817,67.3849418535655,0,Healthy
94.28759103048755,87.79959909696524,90.25689644869408,31,Critical
17.616711013772232,23.296896248211947,31.620705712316095,2,Healthy
34.485300148926626,25.476380814316386,58.827701182416924,0,Healthy
25.407131964153148,59.38247818680289,12.406551484748949,0,Healthy
22.144713728755153,22.424456990723286,54.63677755436062,1,Healthy
61.3583008705726,78.716130853155,76.35173590522233,2,Warning
53.95029379996615,26.89975784257679,32.53497715839664,1,Healthy
68.76301335715405,69.31333184398878,71.37427355447922,5,Warning
52.75498779746093,46.3584534883154,54.56239127199886,0,Healthy
89.20901219856874,90.2490678035607,97.82425812212787,44,Critical
31.06789021445798,43.37788692605136,20.33919227209779,1,Healthy
16.720758721379582,11.556704144225568,49.1000095225531,1,Healthy
94.21600011146985,92.85495124081916,93.19123489820463,48,Critical
43.358114698576195,24.867450368627537,65.46377172259182,1,Healthy
80.96373037257071,68.90464117793985,86.53629947592839,4,Warning
30.776335309676945,12.815163784091867,17.129074976084315,0,Healthy
40.08918631863137,35.758758516686584,45.61231414738883,1,Healthy
84.86621603899995,62.24530385706935,70.04635095809628,4,Warning
61.9613954079281,73.61242397759662,84.18641656945219,3,Warning
47.40413608926745,45.428600230131465,38.41443330610531,1,Healthy
47.71908063253497,13.268307878219261,39.25427162040306,2,Healthy
29.130957146358647,38.874313545306286,31.321747109103754,2,Healthy
50.2156738330124,29.021000375378115,56.536711055519646,2,Healthy
33.29467907953054,82.39186944046946,74.0863276679794,2,Warning
44.865460793073204,39.66393241550894,49.01765115240723,0,Healthy
32.778775207554204,61.870530129874325,78.76913430501156,5,Warning
97.39097026822428,95.09638196366825,98.2435044724935,27,Critical
42.95026899513662,20.046684432952823,42.14966106838487,1,Healthy
72.8463616051692,72.7222638897764,77.38561540431083,10,Warning
95.41980659215263,90.47006014351504,97.38505878510519,14,Critical
28.66682421947045,20.026236335016836,39.49567280448621,2,Healthy
95.06906237843698,89.05965912972648,90.81229634806672,18,Critical
62.20962367461297,77.47372071218464,77.36694427588702,9,Warning
58.97133997734856,22.82650312221239,49.250476088444465,1,Healthy
39.43353723603807,75.46317646795464,82.66145306999026,6,Warning
84.3561913536189,61.74501636536572,81.09375419560172,2,Warning
98.62022634062461,88.63867399110738,90.9130880254467,20,Critical
37.91434856628749,38.27541736614869,52.97074448397713,2,Healthy
72.06251050588402,72.66681622456865,77.74474542356192,5,Warning
89.12858771555513,95.64158296950961,92.71492002542712,16,Critical
75.8136027491457,76.11175692802584,86.39595609969456,10,Warning
13.922837318036365,10.630375998787953,43.585341018302955,0,Healthy
19.802276260901223,81.81589506367088,86.56233658012685,8,Warning
28.96200942728401,46.501965828090924,12.862967661498928,1,Healthy
10.878230770210912,38.36561098144517,25.393767022081825,1,Healthy
82.95597716688593,62.545092073738424,80.11915815469864,10,Warning
17.158485429955064,58.91986394002979,54.891514358739855,1,Healthy
91.63549799653629,85.637048638848,96.84626194264966,26,Critical
20.437576853378587,20.349628921921337,40.99435770675875,1,Healthy
96.45538404025481,92.85102056383012,92.26772625319646,48,Critical
46.11090159735661,11.834160144529895,25.146216660641244,2,Healthy
52.756560886957274,14.225850384034096,45.836684935325835,2,Healthy
69.82435563363228,73.1453149718331,80.23362773163024,6,Warning
13.68751525594414,44.79495590844012,57.59568102629527,2,Healthy
89.85729362353646,94.91711017643044,96.52235353132441,46,Critical
62.48439933456119,51.072036400493324,12.471009716756301,0,Healthy
69.76705277464848,64.78569201248857,78.23310920913406,7,Warning
23.155473232058547,26.07913823400145,15.537435173724765,2,Healthy
61.924486676624156,61.889590346351675,89.02846441691132,10,Warning
6.671288283326027,56.54743477534889,51.37160506189367,0,Healthy
32.35538486108843,74.36091889680515,72.75770538712021,7,Warning
20.280214002995393,50.834108772535906,27.073738105773852,0,Healthy
22.168143118304588,29.952297306855556,61.47917523536235,0,Healthy
16.09455612844679,54.78817978367597,38.52221339092671,0,Healthy
64.99603178204849,61.388125820228765,81.3692979701588,2,Warning
48.922629981051315,58.38779385516944,61.41243616450565,0,Healthy
79.07770909003271,80.57902076772149,87.7777484800726,3,Warning
15.46786745504873,12.616943789325415,32.70858540915214,1,Healthy
67.4854159151224,17.330241084601276,40.799570121543574,1,Healthy
25.385318088679,50.63997836287513,66.83491464303152,0,Healthy
31.304062953941976,71.44989397508928,77.96010585909005,5,Warning
79.27807039629717,76.36626717164887,73.03190149600199,10,Warning
77.52210385196085,48.836181523584635,17.322103127463702,0,Healthy
42.86213180352548,31.74136693018731,24.784121994346407,2,Healthy
23.604712829697412,56.404182016302485,23.476936710631115,0,Healthy
53.318355871574134,30.20701608255165,29.621989693794323,1,Healthy
21.672059576993075,23.155628495542143,31.608184448291144,0,Healthy
34.675592127252784,46.39735883653716,16.47662287878786,0,Healthy
24.62143296814741,24.046725484369038,42.56176498949491,0,Healthy
32.83113370752349,64.17382721867997,84.26092101268637,6,Warning
85.31531660089325,97.294143295987,98.24853767487103,14,Critical
68.49929659483121,61.97348507366389,78.85596273087475,2,Warning
74.15451728062678,67.81944973025885,83.08684010985439,4,Warning
85.11001226254271,85.38714089294773,95.53290639623,25,Critical
18.058840760614345,35.61818887728953,16.25348816850086,1,Healthy
94.30556878185581,97.05632854017644,90.83724937845348,38,Critical
28.29090182694652,38.42601418749791,44.55547451548507,2,Healthy
45.931641131881385,44.05197135484545,24.250388277548197,0,Healthy
38.03268833483395,35.78397138482489,65.16351839286504,2,Healthy
98.86161573866919,99.62769963963262,98.33204356596674,13,Critical
37.83758042926304,43.7920622543688,36.56301800677163,0,Healthy
36.904741431079614,14.574341869887743,62.64765175782282,2,Healthy
86.99392064061973,94.57733177198703,93.19743195407695,18,Critical
98.06877441097978,89.34161342452312,97.83215454656678,16,Critical
71.67419999909026,68.50926865764407,88.80897011472345,10,Warning
25.599706536604938,57.53571532049581,53.919636508684306,0,Healthy
74.19935743290202,67.4089403378322,88.76631457302632,7,Warning
76.75081344518917,71.70825464834533,85.47105483729774,6,Warning
92.47194915322063,95.33965618154035,92.52311927069687,47,Critical
30.406856781657318,59.51706566708886,10.014251414553074,0,Healthy
13.999310165541806,49.740477437496466,51.62093354688932,1,Healthy
93.49027637331731,98.17050269266686,95.57873675660073,22,Critical
38.00713250372944,77.67094639451352,89.3452717505273,5,Warning
12.77029271015282,20.599124545111927,59.12410024445621,2,Healthy
28.200549819635725,30.551053763277288,64.4566601533933,0,Healthy
86.77327933436632,85.00046078268073,97.12137045880606,26,Critical
59.10234088948775,21.95900521079628,18.53496212123177,0,Healthy
80.58273574551795,79.55038337332418,80.87611455732474,6,Warning
80.03369979684521,76.85647105016247,70.11437162721579,4,Warning
73.5196455117271,29.43263993149235,19.821028087918087,1,Healthy
71.10913373103786,66.88869848048708,82.44079124741988,5,Warning
78.32500268056558,76.46653387349417,88.63109828618963,4,Warning
15.622307552301118,14.204911223399233,29.58601459019758,0,Healthy
88.50845397208305,88.16329341521183,98.57191657059589,15,Critical
78.12141248287543,81.94117549126953,70.83313636765365,7,Warning
56.76806273278126,13.620813607317075,42.054532358586705,0,Healthy
17.53643393980679,31.355389431312815,59.080885955349586,0,Healthy
84.52944591905737,64.7526912445932,85.85190232576767,3,Warning
42.56537253789963,13.55943242301145,29.13853781762568,1,Healthy
43.083988322840334,59.56279968510942,17.703657367247516,2,Healthy
55.05740502301738,50.40113149532765,22.963081900701233,0,Healthy
66.92531310814947,83.03268780532439,81.66381608554195,9,Warning
67.97167045802847,74.55496866485285,77.42344846875255,10,Warning
78.29728780440897,12.180188587721688,69.67303064784046,1,Healthy
96.01226888562469,90.11977968925078,94.78528369919522,11,Critical
81.47041927920387,76.92351957492093,86.75816749703607,8,Warning
69.53602603533278,84.55123842539906,85.6972364591776,8,Warning
56.85694638068895,39.9432733244268,51.687095982382274,1,Healthy
93.69596749201288,90.18437490364602,98.15769404635107,38,Critical
61.91099652598619,82.39710452981649,85.8785877171993,2,Warning
24.262003568517244,45.40905977915999,38.90001927784692,1,Healthy
21.42990654738252,57.03396225576702,25.557805531946425,1,Healthy
10.990508801570229,17.449592798509734,41.59742783613758,2,Healthy
40.616550387104915,39.71979296142727,33.01673562433731,0,Healthy
76.0307422376598,26.17501974557369,60.05820195728605,0,Healthy
44.88520514150649,26.15055991931069,69.8246894248997,1,Healthy
32.43884843982458,40.90778671590596,52.147898232646234,1,Healthy
33.61692354970863,48.61591958678196,41.209810066719605,0,Healthy
83.7302156717628,75.80398747966143,72.59882744535882,6,Warning
32.7863725467151,58.35633076295852,35.06565875650598,2,Healthy
68.75507477726826,76.93683537058682,85.17003761832781,4,Warning
48.175909911038126,54.60423444701172,67.3200811902357,0,Healthy
43.943991778782504,11.029224714790121,68.19459112971967,1,Healthy
27.10620024850832,33.99378101519544,47.65032779310221,2,Healthy
66.04722208885364,82.7767175691846,86.7653071909141,2,Warning
